customer_id,invoice,invoice_day,line_revenue
17519,489445,2009-12-01,15.3
17519,489445,2009-12-01,15.6
17519,489445,2009-12-01,10.2
17519,489445,2009-12-01,15.6
17519,489445,2009-12-01,12.75
17519,489445,2009-12-01,19.5
17519,489445,2009-12-01,15.0
17519,489445,2009-12-01,10.2
17519,489445,2009-12-01,14.85
17519,489445,2009-12-01,17.7
17519,489445,2009-12-01,19.9
17519,489445,2009-12-01,20.4
17519,489445,2009-12-01,30.0
17519,489445,2009-12-01,15.0
17519,489445,2009-12-01,20.4
17519,489445,2009-12-01,10.2
17519,489445,2009-12-01,10.2
17519,489445,2009-12-01,18.24
17519,489445,2009-12-01,17.4
14210,493719,2010-01-06,12.5
14210,493719,2010-01-06,12.6
14210,493719,2010-01-06,17.7
14210,493719,2010-01-06,17.85
14210,493719,2010-01-06,10.2
14210,493719,2010-01-06,10.2
14210,493719,2010-01-06,18.75
14210,493719,2010-01-06,12.6
14210,493719,2010-01-06,12.6
14210,493719,2010-01-06,12.6
14210,493719,2010-01-06,19.8
14210,493719,2010-01-06,19.9
14210,493719,2010-01-06,22.5
14210,493719,2010-01-06,15.9
14210,493719,2010-01-06,13.9
14210,493719,2010-01-06,15.3
14210,493719,2010-01-06,14.85
14210,493719,2010-01-06,15.3
14210,493719,2010-01-06,14.85
14210,493719,2010-01-06,17.0
14210,493719,2010-01-06,17.85
14210,493719,2010-01-06,23.4
14210,493719,2010-01-06,46.8
14210,493719,2010-01-06,17.7
14210,493719,2010-01-06,10.2
14210,493719,2010-01-06,13.92
14210,493719,2010-01-06,5.04
14210,493719,2010-01-06,15.0
14210,493719,2010-01-06,17.7
14210,493719,2010-01-06,9.75
14210,493719,2010-01-06,9.75
14210,493719,2010-01-06,23.25
14210,493719,2010-01-06,23.25
14210,493719,2010-01-06,12.6
14210,493719,2010-01-06,10.2
14210,493719,2010-01-06,31.6
14210,493719,2010-01-06,17.7
14210,493719,2010-01-06,15.3
17519,495289,2010-01-22,40.8
17519,495289,2010-01-22,30.0
17519,495289,2010-01-22,34.8
17519,495289,2010-01-22,35.4
17519,495289,2010-01-22,30.0
17519,495289,2010-01-22,70.8
17519,495289,2010-01-22,7.8
17519,495289,2010-01-22,39.6
17519,495289,2010-01-22,13.2
14047,496356,2010-02-01,12.75
14047,496356,2010-02-01,16.5
14047,496356,2010-02-01,15.3
14047,496356,2010-02-01,17.7
14047,496356,2010-02-01,5.04
14047,496356,2010-02-01,5.04
14047,496356,2010-02-01,17.7
14047,496356,2010-02-01,14.85
14047,496356,2010-02-01,10.2
14047,496356,2010-02-01,17.0
14047,496356,2010-02-01,17.0
14047,496356,2010-02-01,30.0
14047,496356,2010-02-01,17.7
14047,496356,2010-02-01,68.58
14047,496356,2010-02-01,71.6
14047,496356,2010-02-01,5.04
14047,496356,2010-02-01,91.44
14047,496356,2010-02-01,13.2
14047,496356,2010-02-01,81.6
17519,498879,2010-02-23,30.6
17519,498879,2010-02-23,20.4
17519,498879,2010-02-23,70.8
17519,498879,2010-02-23,70.8
17519,498879,2010-02-23,12.7
17519,498879,2010-02-23,10.5
17519,498879,2010-02-23,17.85
17519,498879,2010-02-23,23.25
17519,498879,2010-02-23,16.35
17519,498879,2010-02-23,16.35
16731,499659,2010-03-01,2.55
16731,499659,2010-03-01,1.68
16731,499659,2010-03-01,6.5
16731,499659,2010-03-01,5.0
16731,499659,2010-03-01,5.1
16731,499659,2010-03-01,2.55
16731,499659,2010-03-01,2.1
16731,499659,2010-03-01,1.7
16731,499659,2010-03-01,1.7
16731,499659,2010-03-01,1.7
16731,499659,2010-03-01,6.75
16731,499659,2010-03-01,8.4
16731,499659,2010-03-01,3.75
16731,499659,2010-03-01,7.5
16731,499659,2010-03-01,3.75
16731,499659,2010-03-01,2.95
16731,499659,2010-03-01,5.9
16731,499659,2010-03-01,2.6
16731,499659,2010-03-01,1.65
16731,499659,2010-03-01,4.95
16731,499659,2010-03-01,4.95
16731,499659,2010-03-01,0.85
16731,499659,2010-03-01,2.55
16731,499659,2010-03-01,2.5
16731,499659,2010-03-01,5.95
16731,499659,2010-03-01,1.45
16731,499659,2010-03-01,1.45
16731,499659,2010-03-01,3.9
16731,499659,2010-03-01,3.9
16731,499659,2010-03-01,3.9
16731,499659,2010-03-01,14.85
16731,499659,2010-03-01,9.3
16731,499659,2010-03-01,0.42
16731,499659,2010-03-01,3.75
16731,499659,2010-03-01,1.7
16731,499659,2010-03-01,4.95
16731,499659,2010-03-01,6.72
16731,499659,2010-03-01,2.6
16731,499659,2010-03-01,0.65
16731,499659,2010-03-01,1.68
16731,499659,2010-03-01,3.3
16731,499659,2010-03-01,10.2
14210,501449,2010-03-16,17.7
14210,501449,2010-03-16,17.7
14210,501449,2010-03-16,23.4
14210,501449,2010-03-16,20.28
14210,501449,2010-03-16,23.85
14210,501449,2010-03-16,20.7
14210,501449,2010-03-16,15.3
14210,501449,2010-03-16,29.7
14210,501449,2010-03-16,15.3
14210,501449,2010-03-16,29.7
14210,501449,2010-03-16,25.5
14210,501449,2010-03-16,19.8
14210,501449,2010-03-16,16.95
14210,501449,2010-03-16,32.85
14210,501449,2010-03-16,15.0
14210,501449,2010-03-16,17.0
14210,501449,2010-03-16,17.7
14210,501449,2010-03-16,17.7
14210,501449,2010-03-16,17.7
14210,501449,2010-03-16,35.4
14210,501449,2010-03-16,25.5
17519,501682,2010-03-18,10.2
17519,501682,2010-03-18,61.44
17519,501682,2010-03-18,46.8
17519,501682,2010-03-18,35.4
17519,501682,2010-03-18,106.2
17519,501682,2010-03-18,17.7
17519,501682,2010-03-18,9.95
17519,501682,2010-03-18,9.75
17519,501682,2010-03-18,13.05
17519,501682,2010-03-18,19.8
14916,503447,2010-04-01,19.5
14916,503447,2010-04-01,19.5
14916,503447,2010-04-01,19.5
14916,503447,2010-04-01,8.5
14916,503447,2010-04-01,8.5
14916,503447,2010-04-01,72.0
14916,503447,2010-04-01,15.0
14916,503447,2010-04-01,10.08
14916,503447,2010-04-01,20.4
14916,503447,2010-04-01,15.0
14916,503447,2010-04-01,15.6
14916,503447,2010-04-01,15.6
14916,503447,2010-04-01,15.6
14916,503447,2010-04-01,15.6
14916,503447,2010-04-01,10.08
14916,503447,2010-04-01,13.92
14916,503447,2010-04-01,5.04
14916,503447,2010-04-01,5.04
14916,503447,2010-04-01,5.04
14916,503447,2010-04-01,5.04
14916,503447,2010-04-01,5.04
14916,503447,2010-04-01,8.5
14916,503447,2010-04-01,15.6
14916,503447,2010-04-01,19.5
14916,503447,2010-04-01,19.5
14916,503447,2010-04-01,12.75
14916,503447,2010-04-01,19.8
14916,503447,2010-04-01,19.8
14916,503447,2010-04-01,20.16
14916,503447,2010-04-01,20.16
14916,503447,2010-04-01,20.16
14916,503447,2010-04-01,20.16
14916,503447,2010-04-01,19.8
14916,503447,2010-04-01,165.0
14916,503822,2010-04-07,13.92
14210,504548,2010-04-14,12.5
14210,504548,2010-04-14,17.7
14210,504548,2010-04-14,17.7
14210,504548,2010-04-14,12.6
14210,504548,2010-04-14,23.4
14210,504548,2010-04-14,25.2
14210,504548,2010-04-14,19.9
14210,504548,2010-04-14,22.5
14210,504548,2010-04-14,10.2
14210,504548,2010-04-14,32.85
14210,504548,2010-04-14,17.85
14210,504548,2010-04-14,23.25
14210,504548,2010-04-14,23.25
14210,504548,2010-04-14,6.6
14210,504548,2010-04-14,6.6
14210,504548,2010-04-14,6.6
14210,504548,2010-04-14,25.2
14210,504548,2010-04-14,25.2
14210,504548,2010-04-14,20.28
14210,504548,2010-04-14,15.3
17519,504580,2010-04-15,10.2
17519,504580,2010-04-15,21.3
17519,504580,2010-04-15,13.2
17519,504580,2010-04-15,39.6
17519,504580,2010-04-15,79.95
17519,504580,2010-04-15,35.4
17519,504580,2010-04-15,35.4
17519,504580,2010-04-15,17.4
17519,504580,2010-04-15,13.2
17519,504580,2010-04-15,27.0
17519,504580,2010-04-15,16.95
17519,504580,2010-04-15,12.75
17519,506681,2010-05-02,10.2
17519,506681,2010-05-02,10.2
17519,506681,2010-05-02,23.4
17519,506681,2010-05-02,30.6
17519,506681,2010-05-02,30.0
17519,506681,2010-05-02,19.8
17519,506681,2010-05-02,13.2
17519,506681,2010-05-02,39.9
17519,506681,2010-05-02,39.9
17519,506681,2010-05-02,19.8
17519,506681,2010-05-02,102.0
17519,506681,2010-05-02,19.8
17519,506681,2010-05-02,20.4
17519,506681,2010-05-02,31.2
15426,506709,2010-05-02,1.65
15426,506709,2010-05-02,1.65
15426,506709,2010-05-02,1.65
15426,506709,2010-05-02,3.75
15426,506709,2010-05-02,1.7
15426,506709,2010-05-02,1.7
15426,506709,2010-05-02,1.7
15426,506709,2010-05-02,10.5
15426,506709,2010-05-02,2.95
15426,506709,2010-05-02,1.95
15426,506709,2010-05-02,3.75
15426,506709,2010-05-02,1.1
15426,506709,2010-05-02,0.55
15426,506709,2010-05-02,2.5
15426,506709,2010-05-02,2.5
15426,506709,2010-05-02,14.85
15426,506709,2010-05-02,2.55
15426,506709,2010-05-02,17.0
15426,506709,2010-05-02,5.95
15426,506709,2010-05-02,7.5
15426,506709,2010-05-02,2.5
15426,506709,2010-05-02,2.5
15426,506709,2010-05-02,2.1
15426,506709,2010-05-02,5.95
15426,506709,2010-05-02,5.95
15426,506709,2010-05-02,3.4
15426,506709,2010-05-02,2.5
15426,506709,2010-05-02,5.45
15426,506709,2010-05-02,4.25
15426,506709,2010-05-02,6.3
15426,506709,2010-05-02,6.3
15426,506709,2010-05-02,3.75
15426,506709,2010-05-02,3.75
15426,506709,2010-05-02,3.75
15426,506709,2010-05-02,3.75
15426,506709,2010-05-02,4.25
15426,506709,2010-05-02,3.48
15426,506709,2010-05-02,1.1
15426,506709,2010-05-02,0.55
15426,506709,2010-05-02,0.55
15426,506709,2010-05-02,0.29
15426,506709,2010-05-02,9.9
15426,506709,2010-05-02,3.4
15426,506709,2010-05-02,4.25
15426,506709,2010-05-02,1.65
15426,506709,2010-05-02,4.2
15426,506709,2010-05-02,5.1
15426,506709,2010-05-02,5.0
15426,506709,2010-05-02,5.9
15426,506709,2010-05-02,1.25
15426,506709,2010-05-02,2.95
15426,506709,2010-05-02,9.9
15426,506709,2010-05-02,9.9
15426,506709,2010-05-02,3.75
15426,506709,2010-05-02,3.75
15426,506709,2010-05-02,3.75
15426,506709,2010-05-02,1.7
15426,506709,2010-05-02,1.7
15426,506709,2010-05-02,1.7
15426,506709,2010-05-02,1.7
15426,506709,2010-05-02,2.5
15426,506709,2010-05-02,2.5
15426,506709,2010-05-02,6.25
15426,506709,2010-05-02,0.84
15426,506709,2010-05-02,0.84
15426,506709,2010-05-02,0.84
15426,506709,2010-05-02,0.42
15426,506709,2010-05-02,0.42
15426,506709,2010-05-02,0.84
15426,506709,2010-05-02,1.65
15426,506709,2010-05-02,1.65
15426,506709,2010-05-02,1.65
15426,506709,2010-05-02,6.25
15426,506709,2010-05-02,9.9
15426,506709,2010-05-02,4.65
15426,506709,2010-05-02,4.2
15426,506709,2010-05-02,3.75
15426,506709,2010-05-02,6.3
15426,506709,2010-05-02,13.05
15426,506709,2010-05-02,7.8
15426,506709,2010-05-02,5.1
15426,506709,2010-05-02,5.9
15426,506709,2010-05-02,1.65
15426,506709,2010-05-02,1.65
15426,506709,2010-05-02,1.65
15426,506709,2010-05-02,5.85
15426,506709,2010-05-02,2.5
15426,506709,2010-05-02,2.55
15426,506709,2010-05-02,2.55
15426,506709,2010-05-02,1.68
15426,506709,2010-05-02,6.25
15426,506709,2010-05-02,6.75
15426,506709,2010-05-02,5.0
15426,506709,2010-05-02,6.76
15426,506709,2010-05-02,3.75
15426,506709,2010-05-02,1.1
15426,506709,2010-05-02,1.1
15426,506709,2010-05-02,3.3
15426,506709,2010-05-02,8.85
15426,506709,2010-05-02,0.84
15426,506709,2010-05-02,0.84
15426,506709,2010-05-02,0.84
15426,506709,2010-05-02,0.84
15426,506709,2010-05-02,0.85
15426,506709,2010-05-02,1.7
15426,506709,2010-05-02,0.85
15426,506709,2010-05-02,4.95
14916,507379,2010-05-09,5.04
14916,507379,2010-05-09,25.5
14916,507379,2010-05-09,98.1
14916,507379,2010-05-09,10.08
14916,507379,2010-05-09,175.2
14916,507379,2010-05-09,175.2
14916,507379,2010-05-09,15.3
14047,508192,2010-05-13,10.5
14047,508192,2010-05-13,25.5
14047,508192,2010-05-13,16.5
14047,508192,2010-05-13,5.04
14047,508192,2010-05-13,5.04
14047,508192,2010-05-13,5.04
14047,508192,2010-05-13,15.9
14047,508192,2010-05-13,5.04
14047,508192,2010-05-13,17.0
14047,508192,2010-05-13,17.0
14047,508192,2010-05-13,17.0
14047,508192,2010-05-13,17.7
14047,508192,2010-05-13,35.4
14047,508192,2010-05-13,12.7
14047,508192,2010-05-13,12.7
14047,508192,2010-05-13,20.1
14047,508192,2010-05-13,15.3
14047,508192,2010-05-13,15.0
14047,508192,2010-05-13,25.5
14047,508192,2010-05-13,66.6
14047,508192,2010-05-13,81.6
14210,509000,2010-05-19,12.6
14210,509000,2010-05-19,12.6
14210,509000,2010-05-19,25.2
14210,509000,2010-05-19,19.9
14210,509000,2010-05-19,15.3
14210,509000,2010-05-19,15.3
14210,509000,2010-05-19,14.85
14210,509000,2010-05-19,17.7
14210,509000,2010-05-19,15.0
14210,509000,2010-05-19,15.0
14210,509000,2010-05-19,17.7
14210,509000,2010-05-19,15.0
14210,509000,2010-05-19,46.5
14210,509000,2010-05-19,15.3
14210,509000,2010-05-19,19.35
14210,509000,2010-05-19,17.7
14210,509000,2010-05-19,15.0
14210,509000,2010-05-19,25.2
14210,509000,2010-05-19,25.2
14210,509000,2010-05-19,17.7
14210,509000,2010-05-19,25.2
15670,510545,2010-06-01,15.0
15670,510545,2010-06-01,12.75
15670,510545,2010-06-01,14.85
15670,510545,2010-06-01,17.85
15670,510545,2010-06-01,17.0
15670,510545,2010-06-01,15.3
15670,510545,2010-06-01,59.4
14210,511500,2010-06-08,17.7
14210,511500,2010-06-08,12.6
14210,511500,2010-06-08,12.6
14210,511500,2010-06-08,12.6
14210,511500,2010-06-08,19.8
14210,511500,2010-06-08,15.0
14210,511500,2010-06-08,15.9
14210,511500,2010-06-08,13.9
14210,511500,2010-06-08,14.85
14210,511500,2010-06-08,29.7
14210,511500,2010-06-08,17.0
14210,511500,2010-06-08,12.75
14210,511500,2010-06-08,15.0
14210,511500,2010-06-08,21.5
14210,511500,2010-06-08,9.75
14210,511500,2010-06-08,23.25
14210,511500,2010-06-08,15.0
14210,511500,2010-06-08,15.0
14210,511500,2010-06-08,12.5
14210,511500,2010-06-08,18.24
17519,513205,2010-06-23,23.4
17519,513205,2010-06-23,30.6
17519,513205,2010-06-23,30.0
17519,513205,2010-06-23,30.0
17519,513205,2010-06-23,17.7
17519,513205,2010-06-23,35.4
17519,513205,2010-06-23,102.0
17519,513205,2010-06-23,10.2
17519,513205,2010-06-23,19.5
17519,513205,2010-06-23,12.6
17519,513205,2010-06-23,15.9
12575,514219,2010-07-01,15.3
12575,514219,2010-07-01,10.2
12575,514219,2010-07-01,7.8
12575,514219,2010-07-01,10.2
12575,514219,2010-07-01,6.8
12575,514219,2010-07-01,13.52
12575,514219,2010-07-01,13.5
12575,514219,2010-07-01,13.5
12575,514219,2010-07-01,13.5
12575,514219,2010-07-01,13.5
12575,514219,2010-07-01,15.0
12575,514219,2010-07-01,15.0
12575,514219,2010-07-01,14.75
12575,514219,2010-07-01,14.85
12575,514219,2010-07-01,15.3
12575,514219,2010-07-01,15.3
12575,514219,2010-07-01,17.7
12575,514219,2010-07-01,12.75
12575,514219,2010-07-01,15.0
12575,514219,2010-07-01,14.85
12575,514219,2010-07-01,14.98
12575,514219,2010-07-01,22.5
14210,514481,2010-07-02,12.5
14210,514481,2010-07-02,15.9
14210,514481,2010-07-02,17.85
14210,514481,2010-07-02,17.7
14210,514481,2010-07-02,17.4
14210,514481,2010-07-02,19.8
14210,514481,2010-07-02,10.5
14210,514481,2010-07-02,44.55
14210,514481,2010-07-02,25.2
14210,514481,2010-07-02,14.75
14210,514481,2010-07-02,10.5
14210,514481,2010-07-02,10.5
14210,514481,2010-07-02,15.0
14210,514481,2010-07-02,14.85
14210,514481,2010-07-02,17.0
14210,514481,2010-07-02,17.7
14210,514481,2010-07-02,10.5
14210,514481,2010-07-02,15.0
14210,514481,2010-07-02,12.75
14210,514481,2010-07-02,15.0
14210,514481,2010-07-02,19.5
14210,514481,2010-07-02,15.0
14210,514481,2010-07-02,6.6
14210,514481,2010-07-02,6.6
14210,514481,2010-07-02,20.28
14210,514481,2010-07-02,20.28
14210,514481,2010-07-02,15.3
17519,515027,2010-07-08,15.9
17519,515027,2010-07-08,17.7
17519,515027,2010-07-08,10.2
17519,515027,2010-07-08,30.6
17519,515027,2010-07-08,17.4
17519,515027,2010-07-08,5.04
17519,515027,2010-07-08,16.8
17519,515027,2010-07-08,17.4
17519,515027,2010-07-08,13.2
17519,515027,2010-07-08,5.04
17519,515027,2010-07-08,13.2
17519,515027,2010-07-08,29.95
17519,515027,2010-07-08,19.9
17519,515027,2010-07-08,44.25
17519,515027,2010-07-08,12.75
17519,515027,2010-07-08,17.4
17519,515027,2010-07-08,17.4
17519,515027,2010-07-08,13.2
17519,515027,2010-07-08,13.2
14047,516313,2010-07-19,15.0
14047,516313,2010-07-19,13.2
14047,516313,2010-07-19,15.0
14047,516313,2010-07-19,5.04
14047,516313,2010-07-19,17.7
14047,516313,2010-07-19,29.85
14047,516313,2010-07-19,14.85
14047,516313,2010-07-19,14.85
14047,516313,2010-07-19,17.7
14047,516313,2010-07-19,17.7
14047,516313,2010-07-19,12.7
14047,516313,2010-07-19,17.7
14047,516313,2010-07-19,10.08
14047,516313,2010-07-19,10.2
14047,516313,2010-07-19,22.5
14047,516313,2010-07-19,19.8
14047,516313,2010-07-19,15.0
14047,516313,2010-07-19,17.4
14047,516313,2010-07-19,14.85
14047,516313,2010-07-19,10.08
14047,516313,2010-07-19,25.5
14047,516313,2010-07-19,15.3
14047,516313,2010-07-19,17.7
14047,516313,2010-07-19,10.08
14047,516313,2010-07-19,13.2
14047,516313,2010-07-19,35.4
15426,516931,2010-07-25,1.65
15426,516931,2010-07-25,2.55
15426,516931,2010-07-25,81.36
15426,516931,2010-07-25,2.95
15426,516931,2010-07-25,2.1
15426,516931,2010-07-25,1.45
15426,516931,2010-07-25,1.45
15426,516931,2010-07-25,1.45
15426,516931,2010-07-25,1.3
15426,516931,2010-07-25,0.65
15426,516931,2010-07-25,0.65
15426,516931,2010-07-25,2.95
15426,516931,2010-07-25,12.75
15426,516931,2010-07-25,4.95
15426,516931,2010-07-25,1.65
15426,516931,2010-07-25,1.65
15426,516931,2010-07-25,5.95
15426,516931,2010-07-25,1.65
15426,516931,2010-07-25,4.2
15426,516931,2010-07-25,1.69
15426,516931,2010-07-25,1.9
15426,516931,2010-07-25,0.55
15426,516931,2010-07-25,1.1
15426,516931,2010-07-25,1.65
15426,516931,2010-07-25,4.65
15426,516931,2010-07-25,2.85
15426,516931,2010-07-25,2.55
15426,516931,2010-07-25,1.45
15426,516931,2010-07-25,2.55
15426,516931,2010-07-25,2.1
15426,516931,2010-07-25,2.1
13474,517739,2010-08-01,4.25
13474,517739,2010-08-01,2.95
13474,517739,2010-08-01,2.95
13474,517739,2010-08-01,1.7
13474,517739,2010-08-01,22.95
13474,517739,2010-08-01,6.75
13474,517739,2010-08-01,6.75
13474,517739,2010-08-01,6.25
13474,517739,2010-08-01,2.5
13474,517739,2010-08-01,1.45
13474,517739,2010-08-01,1.1
13474,517739,2010-08-01,4.95
13474,517739,2010-08-01,3.75
13474,517739,2010-08-01,5.0
13474,517739,2010-08-01,4.95
13474,517739,2010-08-01,10.95
13474,517739,2010-08-01,2.9
13474,517739,2010-08-01,1.16
13474,517739,2010-08-01,1.16
13474,517739,2010-08-01,3.3
13474,517739,2010-08-01,2.98
13474,517739,2010-08-01,5.8
13474,517739,2010-08-01,5.9
13474,517739,2010-08-01,2.95
13474,517739,2010-08-01,2.95
13474,517739,2010-08-01,5.9
13474,517739,2010-08-01,2.5
13474,517739,2010-08-01,4.95
13474,517739,2010-08-01,4.95
13474,517739,2010-08-01,6.95
13474,517739,2010-08-01,7.5
13474,517739,2010-08-01,7.5
13474,517739,2010-08-01,10.2
13474,517739,2010-08-01,10.2
13474,517739,2010-08-01,9.9
13474,517739,2010-08-01,19.9
13474,517739,2010-08-01,5.9
13474,517739,2010-08-01,3.3
13474,517739,2010-08-01,5.1
13474,517739,2010-08-01,2.95
13474,517739,2010-08-01,2.5
13474,517739,2010-08-01,1.7
13474,517739,2010-08-01,2.95
13474,517739,2010-08-01,2.98
13474,517739,2010-08-01,9.95
13474,517739,2010-08-01,5.9
13474,517739,2010-08-01,3.75
13474,517739,2010-08-01,10.0
13474,517739,2010-08-01,6.76
13474,517739,2010-08-01,6.76
13474,517739,2010-08-01,12.6
13474,517739,2010-08-01,5.1
13474,517739,2010-08-01,1.45
13474,517739,2010-08-01,1.45
13474,517739,2010-08-01,4.95
13474,517739,2010-08-01,12.75
13474,517739,2010-08-01,18.95
13474,517739,2010-08-01,6.6
13474,517739,2010-08-01,5.0
13474,517739,2010-08-01,2.5
14210,519253,2010-08-15,12.6
14210,519253,2010-08-15,13.68
14210,519253,2010-08-15,13.68
14210,519253,2010-08-15,47.7
14210,519253,2010-08-15,14.85
14210,519253,2010-08-15,15.3
14210,519253,2010-08-15,17.0
14210,519253,2010-08-15,12.6
14210,519253,2010-08-15,25.2
14210,519253,2010-08-15,19.9
14210,519253,2010-08-15,15.0
14210,519253,2010-08-15,14.85
14210,519253,2010-08-15,30.0
14210,519253,2010-08-15,17.0
14210,519253,2010-08-15,12.6
14210,519253,2010-08-15,25.2
14210,519253,2010-08-15,17.7
14047,519497,2010-08-17,10.5
14047,519497,2010-08-17,15.9
14047,519497,2010-08-17,10.5
14047,519497,2010-08-17,29.85
14047,519497,2010-08-17,17.7
14047,519497,2010-08-17,17.7
14047,519497,2010-08-17,12.7
14047,519497,2010-08-17,12.7
14047,519497,2010-08-17,12.7
14047,519497,2010-08-17,17.7
14047,519497,2010-08-17,37.2
14047,519497,2010-08-17,81.6
14047,519498,2010-08-17,5.04
14047,519498,2010-08-17,5.04
14047,519498,2010-08-17,19.9
14210,520419,2010-08-26,15.0
14210,520419,2010-08-26,19.8
14210,520419,2010-08-26,19.8
14210,520419,2010-08-26,15.0
14210,520419,2010-08-26,15.0
14210,520419,2010-08-26,15.0
14210,520419,2010-08-26,12.5
14210,520419,2010-08-26,12.5
14210,520419,2010-08-26,12.5
14210,520419,2010-08-26,12.5
14210,520419,2010-08-26,12.5
14210,520419,2010-08-26,12.5
14210,520419,2010-08-26,12.5
14210,520419,2010-08-26,12.5
14210,520419,2010-08-26,12.5
14210,520419,2010-08-26,12.5
14210,520419,2010-08-26,15.0
14210,520419,2010-08-26,17.7
14210,520419,2010-08-26,17.7
14210,520419,2010-08-26,17.7
14210,520419,2010-08-26,19.8
14210,520420,2010-08-26,25.2
17215,520999,2010-09-01,29.75
17215,520999,2010-09-01,6.3
17215,520999,2010-09-01,4.95
17215,520999,2010-09-01,7.65
17215,520999,2010-09-01,4.95
17215,520999,2010-09-01,8.25
17215,520999,2010-09-01,5.9
17215,520999,2010-09-01,5.9
17215,520999,2010-09-01,22.5
17215,520999,2010-09-01,45.0
17215,520999,2010-09-01,45.0
12575,521790,2010-09-08,17.7
12575,521790,2010-09-08,20.0
12575,521790,2010-09-08,12.5
12575,521790,2010-09-08,6.8
12575,521790,2010-09-08,13.52
12575,521790,2010-09-08,19.8
12575,521790,2010-09-08,19.8
12575,521790,2010-09-08,19.8
12575,521790,2010-09-08,19.8
12575,521790,2010-09-08,30.6
12575,521790,2010-09-08,23.4
12575,521790,2010-09-08,17.0
12575,521790,2010-09-08,19.8
12575,521790,2010-09-08,22.5
13474,523417,2010-09-22,22.95
13474,523417,2010-09-22,13.5
13474,523417,2010-09-22,17.7
13474,523417,2010-09-22,15.0
17519,523731,2010-09-23,2.52
17519,523731,2010-09-23,15.12
17519,523731,2010-09-23,51.0
17519,523731,2010-09-23,13.2
17519,523731,2010-09-23,17.85
17519,523731,2010-09-23,14.75
17519,523731,2010-09-23,15.3
17519,523731,2010-09-23,16.5
17519,523731,2010-09-23,17.7
17519,523731,2010-09-23,35.4
17519,523731,2010-09-23,10.2
17519,523731,2010-09-23,10.2
17519,523731,2010-09-23,10.2
17519,523731,2010-09-23,17.7
17519,523731,2010-09-23,17.4
17519,523731,2010-09-23,17.4
17519,523731,2010-09-23,13.2
17519,523731,2010-09-23,13.2
15426,523756,2010-09-23,81.36
15426,523756,2010-09-23,25.5
15426,523756,2010-09-23,5.95
15426,523756,2010-09-23,5.95
15426,523756,2010-09-23,2.95
15426,523756,2010-09-23,2.95
15426,523756,2010-09-23,5.9
15426,523756,2010-09-23,3.75
15426,523756,2010-09-23,3.75
15426,523756,2010-09-23,10.2
15426,523756,2010-09-23,11.9
15426,523756,2010-09-23,7.95
15426,523756,2010-09-23,2.95
15426,523756,2010-09-23,9.3
15426,523757,2010-09-23,5.95
15426,523757,2010-09-23,4.25
14210,524407,2010-09-29,19.5
14210,524407,2010-09-29,12.5
14210,524407,2010-09-29,12.6
14210,524407,2010-09-29,12.6
14210,524407,2010-09-29,20.28
14210,524407,2010-09-29,9.95
14210,524407,2010-09-29,22.5
14210,524407,2010-09-29,14.85
14210,524407,2010-09-29,17.7
14210,524407,2010-09-29,10.2
14210,524407,2010-09-29,15.0
14210,524407,2010-09-29,14.75
14210,524407,2010-09-29,19.9
14210,524407,2010-09-29,15.0
14210,524407,2010-09-29,14.85
14210,524407,2010-09-29,12.75
14210,524407,2010-09-29,17.4
14210,524407,2010-09-29,6.6
14210,524407,2010-09-29,6.6
14210,524407,2010-09-29,6.6
14210,524407,2010-09-29,25.2
14210,524407,2010-09-29,15.0
14210,524407,2010-09-29,15.0
14210,524407,2010-09-29,12.5
14210,524407,2010-09-29,6.72
14210,524407,2010-09-29,17.85
17022,525002,2010-10-03,19.5
17022,525002,2010-10-03,13.2
17022,525002,2010-10-03,11.9
17022,525002,2010-10-03,8.5
17022,525002,2010-10-03,17.7
17022,525002,2010-10-03,17.7
17022,525002,2010-10-03,20.4
17022,525002,2010-10-03,20.4
17022,525002,2010-10-03,59.7
14047,525003,2010-10-03,15.0
14047,525003,2010-10-03,13.2
14047,525003,2010-10-03,17.7
14047,525003,2010-10-03,10.5
14047,525003,2010-10-03,29.7
14047,525003,2010-10-03,14.85
14047,525003,2010-10-03,17.0
14047,525003,2010-10-03,17.0
14047,525003,2010-10-03,30.0
14047,525003,2010-10-03,17.0
14047,525003,2010-10-03,16.5
14047,525003,2010-10-03,16.5
14047,525003,2010-10-03,30.6
14047,525003,2010-10-03,15.0
14047,525003,2010-10-03,23.8
14047,525003,2010-10-03,66.6
14047,525003,2010-10-03,15.9
14047,525003,2010-10-03,17.7
14047,525003,2010-10-03,13.92
14047,525003,2010-10-03,37.2
14047,525003,2010-10-03,13.52
14047,525003,2010-10-03,35.4
14916,525237,2010-10-04,12.5
14916,525237,2010-10-04,88.8
14916,525237,2010-10-04,15.12
14916,525237,2010-10-04,15.0
14916,525237,2010-10-04,14.85
14916,525237,2010-10-04,47.4
14916,525237,2010-10-04,19.8
14916,525237,2010-10-04,16.5
14916,525237,2010-10-04,17.7
14916,525237,2010-10-04,14.75
14916,525237,2010-10-04,5.04
14916,525237,2010-10-04,19.8
14916,525237,2010-10-04,82.5
14916,525237,2010-10-04,20.4
14916,525237,2010-10-04,165.0
13359,530123,2010-11-01,16.5
13359,530123,2010-11-01,16.5
13359,530123,2010-11-01,15.9
13359,530123,2010-11-01,17.4
13359,530123,2010-11-01,13.2
13359,530123,2010-11-01,9.95
13359,530123,2010-11-01,15.8
13359,530123,2010-11-01,15.9
13359,530123,2010-11-01,17.7
13359,530123,2010-11-01,35.4
13359,530123,2010-11-01,17.7
13359,530123,2010-11-01,14.85
13359,530123,2010-11-01,15.8
13359,530123,2010-11-01,17.0
13359,530123,2010-11-01,22.5
13359,530123,2010-11-01,17.0
13359,530123,2010-11-01,14.85
13359,530123,2010-11-01,19.8
13359,530123,2010-11-01,17.7
13359,530123,2010-11-01,17.7
13359,530123,2010-11-01,17.7
13359,530123,2010-11-01,15.0
13359,530123,2010-11-01,15.0
13359,530123,2010-11-01,15.0
13359,530123,2010-11-01,19.8
13359,530123,2010-11-01,23.4
13359,530123,2010-11-01,18.6
13359,530123,2010-11-01,17.7
13359,530123,2010-11-01,15.9
13359,530123,2010-11-01,15.9
13359,530123,2010-11-01,17.4
13359,530123,2010-11-01,13.2
14047,530665,2010-11-04,30.0
14047,530665,2010-11-04,47.7
14047,530665,2010-11-04,17.0
14047,530665,2010-11-04,13.5
14047,530665,2010-11-04,37.2
14047,530665,2010-11-04,15.6
14047,530665,2010-11-04,15.9
14047,530665,2010-11-04,35.4
14047,530665,2010-11-04,35.4
14047,530665,2010-11-04,29.7
14047,530665,2010-11-04,15.6
14047,530665,2010-11-04,39.8
14047,530665,2010-11-04,34.0
14047,530665,2010-11-04,35.4
14047,530665,2010-11-04,31.8
14047,530666,2010-11-04,17.7
14047,531128,2010-11-05,17.7
16274,536569,2010-12-01,1.7
16274,536569,2010-12-01,1.7
16274,536569,2010-12-01,1.25
16274,536569,2010-12-01,4.2
16274,536569,2010-12-01,4.2
16274,536569,2010-12-01,12.75
16274,536569,2010-12-01,13.5
16274,536569,2010-12-01,6.75
16274,536569,2010-12-01,7.65
16274,536569,2010-12-01,2.5
16274,536569,2010-12-01,29.95
16274,536569,2010-12-01,3.75
16274,536569,2010-12-01,3.75
16274,536569,2010-12-01,1.25
16274,536569,2010-12-01,2.5
16274,536569,2010-12-01,2.5
16274,536569,2010-12-01,4.95
16274,536569,2010-12-01,0.85
16274,536569,2010-12-01,0.85
16274,536569,2010-12-01,5.8
16274,536569,2010-12-01,1.25
16274,536569,2010-12-01,2.95
16274,536569,2010-12-01,4.95
16274,536569,2010-12-01,3.75
16274,536569,2010-12-01,6.95
16274,536569,2010-12-01,5.95
16274,536569,2010-12-01,10.2
16274,536569,2010-12-01,8.5
16274,536569,2010-12-01,6.95
16274,536569,2010-12-01,1.25
16274,536569,2010-12-01,2.95
16274,536569,2010-12-01,3.4
16274,536569,2010-12-01,0.85
16274,536569,2010-12-01,0.85
16274,536569,2010-12-01,2.55
16274,536569,2010-12-01,0.85
16274,536569,2010-12-01,2.55
16274,536569,2010-12-01,0.85
16274,536569,2010-12-01,3.48
16274,536569,2010-12-01,9.95
16274,536569,2010-12-01,9.95
16274,536569,2010-12-01,2.55
16274,536569,2010-12-01,2.55
16274,536569,2010-12-01,2.55
16274,536569,2010-12-01,5.1
16274,536569,2010-12-01,1.95
16274,536569,2010-12-01,7.95
16274,536569,2010-12-01,5.04
16274,536569,2010-12-01,2.5
16274,536569,2010-12-01,1.65
16274,536569,2010-12-01,1.65
16274,536569,2010-12-01,3.75
16274,536569,2010-12-01,14.95
16274,536569,2010-12-01,9.95
16274,536569,2010-12-01,5.04
16274,536569,2010-12-01,5.04
16274,536569,2010-12-01,7.95
16274,536569,2010-12-01,8.5
16274,536569,2010-12-01,10.2
16274,536569,2010-12-01,16.95
16274,536569,2010-12-01,3.75
16274,536569,2010-12-01,3.75
16274,536569,2010-12-01,4.95
14047,536615,2010-12-02,17.85
14047,536615,2010-12-02,29.85
14047,536615,2010-12-02,15.6
14047,536615,2010-12-02,30.6
14047,536615,2010-12-02,19.9
14047,536615,2010-12-02,19.9
14047,536615,2010-12-02,34.0
14047,536615,2010-12-02,15.3
14047,536615,2010-12-02,37.2
14047,536615,2010-12-02,15.6
14047,536615,2010-12-02,13.92
14047,536615,2010-12-02,37.2
14210,536956,2010-12-03,17.7
14210,536956,2010-12-03,12.6
14210,536956,2010-12-03,35.4
14210,536956,2010-12-03,12.6
14210,536956,2010-12-03,17.7
14210,536956,2010-12-03,14.85
14210,536956,2010-12-03,12.6
14210,536956,2010-12-03,25.2
14210,536956,2010-12-03,19.9
14210,536956,2010-12-03,17.7
14210,536956,2010-12-03,17.7
14210,536956,2010-12-03,12.75
14210,536956,2010-12-03,39.8
14210,536956,2010-12-03,23.25
14210,536956,2010-12-03,25.2
15426,537196,2010-12-05,0.14
15426,537196,2010-12-05,11.25
15426,537196,2010-12-05,2.5
15426,537196,2010-12-05,2.1
15426,537196,2010-12-05,3.75
15426,537196,2010-12-05,4.95
15426,537196,2010-12-05,81.36
15426,537196,2010-12-05,1.95
15426,537196,2010-12-05,1.95
15426,537196,2010-12-05,4.2
15426,537196,2010-12-05,0.55
15426,537196,2010-12-05,5.0
15426,537196,2010-12-05,2.5
15426,537196,2010-12-05,0.85
15426,537196,2010-12-05,7.8
15426,537196,2010-12-05,12.75
15426,537196,2010-12-05,1.25
15426,537196,2010-12-05,12.75
15426,537196,2010-12-05,6.8
15426,537196,2010-12-05,5.95
15426,537196,2010-12-05,3.75
15426,537196,2010-12-05,5.95
15426,537196,2010-12-05,11.9
15426,537196,2010-12-05,1.25
15426,537196,2010-12-05,1.25
15426,537196,2010-12-05,2.1
15426,537196,2010-12-05,2.1
15426,537196,2010-12-05,4.2
15426,537196,2010-12-05,4.95
15426,537196,2010-12-05,5.95
15426,537196,2010-12-05,2.9
15426,537196,2010-12-05,0.42
15426,537196,2010-12-05,0.85
15426,537196,2010-12-05,4.95
15426,537196,2010-12-05,1.65
15426,537196,2010-12-05,2.95
15426,537196,2010-12-05,0.42
15426,537196,2010-12-05,5.95
15426,537196,2010-12-05,4.95
15426,537196,2010-12-05,7.5
15426,537196,2010-12-05,3.75
15426,537196,2010-12-05,1.7
15426,537196,2010-12-05,1.7
15426,537196,2010-12-05,9.95
15426,537196,2010-12-05,2.55
15426,537196,2010-12-05,2.55
15426,537196,2010-12-05,2.95
15426,537196,2010-12-05,3.75
15426,537196,2010-12-05,2.1
15426,537196,2010-12-05,0.85
15426,537196,2010-12-05,2.95
15426,537196,2010-12-05,5.45
15426,537196,2010-12-05,4.2
15426,537196,2010-12-05,2.5
15426,537196,2010-12-05,13.95
15426,537196,2010-12-05,5.95
15426,537196,2010-12-05,1.25
15426,537196,2010-12-05,0.42
15426,537196,2010-12-05,5.95
15426,537196,2010-12-05,7.95
15426,537196,2010-12-05,2.1
15426,537196,2010-12-05,3.25
15426,537196,2010-12-05,2.55
15426,537196,2010-12-05,7.5
15426,537196,2010-12-05,4.65
15426,537196,2010-12-05,6.76
15426,537196,2010-12-05,1.25
15426,537196,2010-12-05,7.5
15426,537196,2010-12-05,3.75
15426,537196,2010-12-05,1.45
15426,537196,2010-12-05,1.45
15426,537196,2010-12-05,2.5
15426,537196,2010-12-05,2.5
15426,537196,2010-12-05,1.25
15426,537196,2010-12-05,3.3
15426,537196,2010-12-05,2.1
17519,537420,2010-12-06,30.6
17519,537420,2010-12-06,23.4
17519,537420,2010-12-06,30.6
17519,537420,2010-12-06,13.2
17519,537420,2010-12-06,17.85
17519,537420,2010-12-06,15.0
17519,537420,2010-12-06,15.0
17519,537420,2010-12-06,17.0
17519,537420,2010-12-06,15.0
17519,537420,2010-12-06,11.9
17519,537420,2010-12-06,17.0
17519,537420,2010-12-06,17.0
17519,537420,2010-12-06,14.85
17519,537420,2010-12-06,15.0
17519,537420,2010-12-06,25.5
17519,537420,2010-12-06,23.25
17519,537420,2010-12-06,23.25
17519,537420,2010-12-06,9.9
14210,540027,2011-01-04,12.6
14210,540027,2011-01-04,25.2
14210,540027,2011-01-04,19.8
14210,540027,2011-01-04,19.9
14210,540027,2011-01-04,15.9
14210,540027,2011-01-04,14.85
14210,540027,2011-01-04,21.9
14210,540027,2011-01-04,15.12
14210,540027,2011-01-04,15.0
14210,540027,2011-01-04,17.7
14210,540027,2011-01-04,10.2
14210,540027,2011-01-04,23.25
14210,540027,2011-01-04,17.4
14210,540027,2011-01-04,8.4
14210,540027,2011-01-04,8.4
14210,540027,2011-01-04,8.4
14210,540027,2011-01-04,12.5
14210,540027,2011-01-04,15.9
14210,540027,2011-01-04,20.28
14210,540027,2011-01-04,20.28
14210,540027,2011-01-04,10.08
14210,540027,2011-01-04,30.6
14047,540399,2011-01-07,9.3
16567,540402,2011-01-07,17.85
16567,540402,2011-01-07,17.85
16567,540402,2011-01-07,17.85
16567,540402,2011-01-07,17.85
16567,540402,2011-01-07,23.4
16567,540402,2011-01-07,23.4
16567,540402,2011-01-07,10.2
16567,540402,2011-01-07,10.2
16567,540402,2011-01-07,10.2
16567,540402,2011-01-07,10.2
16567,540402,2011-01-07,20.16
16567,540402,2011-01-07,20.16
16567,540402,2011-01-07,10.0
16567,540402,2011-01-07,10.0
16567,540402,2011-01-07,10.0
16567,540402,2011-01-07,30.0
16567,540402,2011-01-07,30.0
16567,540402,2011-01-07,18.24
16567,540402,2011-01-07,23.8
16567,540402,2011-01-07,66.6
16567,540402,2011-01-07,31.8
16567,540402,2011-01-07,26.4
16567,540402,2011-01-07,26.4
16567,540402,2011-01-07,25.0
16567,540402,2011-01-07,25.0
16567,540402,2011-01-07,25.0
14916,541594,2011-01-19,8.4
14916,541594,2011-01-19,8.4
14916,541594,2011-01-19,19.5
14916,541594,2011-01-19,19.5
14916,541594,2011-01-19,19.5
14916,541594,2011-01-19,46.8
14916,541594,2011-01-19,30.0
14916,541594,2011-01-19,19.5
14916,541594,2011-01-19,19.8
14916,541594,2011-01-19,14.75
14916,541594,2011-01-19,14.75
14916,541594,2011-01-19,23.6
14916,541594,2011-01-19,7.95
14916,541594,2011-01-19,12.6
14916,541594,2011-01-19,30.0
16745,542836,2011-02-01,8.5
16745,542836,2011-02-01,16.5
16745,542836,2011-02-01,0.85
16745,542836,2011-02-01,1.7
16745,542836,2011-02-01,2.55
16745,542836,2011-02-01,2.55
16745,542836,2011-02-01,0.85
16745,542836,2011-02-01,6.6
16745,542836,2011-02-01,1.95
16745,542836,2011-02-01,5.0
16745,542836,2011-02-01,2.75
16745,542836,2011-02-01,6.25
16745,542836,2011-02-01,8.5
16745,542836,2011-02-01,7.65
16745,542836,2011-02-01,2.55
16745,542836,2011-02-01,5.1
16745,542836,2011-02-01,5.1
16745,542836,2011-02-01,9.75
16745,542836,2011-02-01,1.1
16745,542836,2011-02-01,1.1
16745,542836,2011-02-01,0.65
16745,542836,2011-02-01,2.6
16745,542836,2011-02-01,4.25
16745,542836,2011-02-01,4.25
16745,542836,2011-02-01,8.25
16745,542836,2011-02-01,5.1
16745,542836,2011-02-01,8.25
16745,542836,2011-02-01,6.6
16745,542836,2011-02-01,4.25
16745,542836,2011-02-01,3.3
16745,542836,2011-02-01,16.5
16745,542836,2011-02-01,9.75
16745,542836,2011-02-01,2.2
16745,542836,2011-02-01,3.9
16745,542836,2011-02-01,1.25
16745,542836,2011-02-01,1.25
16745,542836,2011-02-01,1.25
16745,542836,2011-02-01,3.9
16745,542836,2011-02-01,4.2
16745,542836,2011-02-01,3.4
16745,542836,2011-02-01,8.25
16745,542836,2011-02-01,2.75
16745,542836,2011-02-01,7.5
16745,542836,2011-02-01,7.5
16745,542836,2011-02-01,11.7
16745,542836,2011-02-01,7.95
16745,542836,2011-02-01,1.65
16745,543278,2011-02-06,72.0
16745,543278,2011-02-06,2.2
16745,543278,2011-02-06,13.2
16745,543278,2011-02-06,8.5
16745,543278,2011-02-06,33.0
16745,543278,2011-02-06,1.65
16745,543278,2011-02-06,4.35
16745,543278,2011-02-06,20.16
16745,543278,2011-02-06,20.16
16745,543278,2011-02-06,2.2
16745,543278,2011-02-06,26.4
15670,544107,2011-02-16,13.5
15670,544107,2011-02-16,15.9
15670,544107,2011-02-16,15.0
15670,544107,2011-02-16,15.0
15670,544107,2011-02-16,17.7
15670,544107,2011-02-16,10.2
15670,544107,2011-02-16,10.2
15670,544107,2011-02-16,10.0
15670,544107,2011-02-16,17.7
15670,544107,2011-02-16,17.85
15670,544107,2011-02-16,10.2
15670,544107,2011-02-16,19.8
14210,544165,2011-02-16,17.7
14210,544165,2011-02-16,17.85
14210,544165,2011-02-16,30.6
14210,544165,2011-02-16,14.85
14210,544165,2011-02-16,29.7
14210,544165,2011-02-16,15.0
14210,544165,2011-02-16,17.0
14210,544165,2011-02-16,17.7
14210,544165,2011-02-16,14.85
14210,544165,2011-02-16,19.8
14210,544165,2011-02-16,17.7
14210,544165,2011-02-16,25.2
14210,544165,2011-02-16,15.0
14210,544165,2011-02-16,20.28
14210,544165,2011-02-16,17.85
14210,544165,2011-02-16,17.7
16745,544292,2011-02-17,8.5
16745,544292,2011-02-17,7.95
16745,544292,2011-02-17,7.95
16745,544292,2011-02-17,8.85
16745,544292,2011-02-17,5.1
16745,544292,2011-02-17,6.3
16745,544292,2011-02-17,3.3
16745,544292,2011-02-17,13.2
16745,544292,2011-02-17,6.5
16745,544292,2011-02-17,7.5
16745,544292,2011-02-17,7.5
16745,544292,2011-02-17,13.2
16745,544292,2011-02-17,13.2
16745,544292,2011-02-17,4.95
16745,544292,2011-02-17,10.0
16745,544292,2011-02-17,25.5
16745,544292,2011-02-17,72.0
16745,544292,2011-02-17,13.2
16745,544292,2011-02-17,4.95
16745,544292,2011-02-17,9.9
16745,544292,2011-02-17,9.75
16745,544292,2011-02-17,9.75
16745,544292,2011-02-17,14.5
16745,544292,2011-02-17,1.65
16745,544292,2011-02-17,1.65
16745,544292,2011-02-17,4.2
16745,544292,2011-02-17,5.1
16745,545056,2011-02-27,72.0
16745,545056,2011-02-27,17.0
16745,545056,2011-02-27,72.0
16745,545056,2011-02-27,5.9
16745,545056,2011-02-27,0.85
16745,545056,2011-02-27,1.95
16745,545056,2011-02-27,2.55
16745,545056,2011-02-27,4.95
16745,545056,2011-02-27,5.1
16745,545056,2011-02-27,12.5
16745,545056,2011-02-27,13.2
16745,545056,2011-02-27,5.0
16745,545056,2011-02-27,15.3
16745,545056,2011-02-27,13.2
16745,545056,2011-02-27,13.2
16745,545056,2011-02-27,13.2
16745,545056,2011-02-27,59.4
16745,545056,2011-02-27,8.25
16745,545056,2011-02-27,72.0
16745,545056,2011-02-27,59.4
16745,545056,2011-02-27,13.75
16745,545056,2011-02-27,5.95
14620,545220,2011-03-01,7.5
14620,545220,2011-03-01,16.8
14620,545220,2011-03-01,11.9
14620,545220,2011-03-01,14.85
14620,545220,2011-03-01,17.85
14620,545220,2011-03-01,10.2
14620,545220,2011-03-01,15.9
14620,545220,2011-03-01,14.85
14620,545220,2011-03-01,17.0
14620,545220,2011-03-01,17.0
14620,545220,2011-03-01,19.8
14620,545220,2011-03-01,25.5
14620,545220,2011-03-01,15.9
14620,545220,2011-03-01,15.0
14620,545220,2011-03-01,15.3
16745,546220,2011-03-10,5.85
16745,546220,2011-03-10,72.0
16745,546220,2011-03-10,25.5
16745,546220,2011-03-10,72.0
16745,546220,2011-03-10,16.5
16745,546220,2011-03-10,16.5
16745,546220,2011-03-10,15.9
16745,546220,2011-03-10,0.85
16745,546220,2011-03-10,39.6
16745,546220,2011-03-10,5.0
16745,546220,2011-03-10,7.5
16745,546220,2011-03-10,7.5
16745,546220,2011-03-10,7.5
16745,546220,2011-03-10,7.5
16745,546220,2011-03-10,7.5
16745,546220,2011-03-10,9.75
16745,546220,2011-03-10,39.6
16745,546220,2011-03-10,39.6
16745,546220,2011-03-10,8.25
16745,546220,2011-03-10,33.0
16745,546220,2011-03-10,7.8
16745,546220,2011-03-10,8.85
16745,546220,2011-03-10,19.75
16745,546220,2011-03-10,19.75
16745,546220,2011-03-10,15.0
16745,546220,2011-03-10,15.0
16745,546220,2011-03-10,9.75
16745,546220,2011-03-10,7.8
17519,547513,2011-03-23,40.8
17519,547513,2011-03-23,31.2
17519,547513,2011-03-23,40.8
17519,547513,2011-03-23,30.0
17519,547513,2011-03-23,17.4
17519,547513,2011-03-23,13.2
17519,547513,2011-03-23,17.4
17519,547513,2011-03-23,13.2
17519,547513,2011-03-23,26.4
17519,547513,2011-03-23,10.2
17519,547513,2011-03-23,15.3
17519,547513,2011-03-23,16.5
17519,547513,2011-03-23,18.0
17519,547513,2011-03-23,6.2
17519,547513,2011-03-23,4.25
17519,547513,2011-03-23,12.6
16745,547653,2011-03-24,15.9
16745,547653,2011-03-24,9.75
16745,547653,2011-03-24,7.65
16745,547653,2011-03-24,50.4
16745,547653,2011-03-24,13.2
16745,547653,2011-03-24,15.0
16745,547653,2011-03-24,50.4
16745,547653,2011-03-24,50.4
16745,547653,2011-03-24,102.0
16745,547653,2011-03-24,8.25
16745,547653,2011-03-24,72.0
16745,547653,2011-03-24,16.5
16745,547653,2011-03-24,7.45
16745,547653,2011-03-24,20.65
16745,547653,2011-03-24,11.8
16745,547653,2011-03-24,19.75
16745,547653,2011-03-24,5.1
16745,547653,2011-03-24,8.85
16745,547653,2011-03-24,6.5
16745,547653,2011-03-24,13.0
16745,547653,2011-03-24,6.25
15426,547880,2011-03-27,5.85
15426,547880,2011-03-27,45.0
15426,547880,2011-03-27,10.2
15426,547880,2011-03-27,0.55
15426,547880,2011-03-27,4.2
15426,547880,2011-03-27,1.25
15426,547880,2011-03-27,7.5
15426,547880,2011-03-27,5.1
15426,547880,2011-03-27,2.55
15426,547880,2011-03-27,7.5
15426,547880,2011-03-27,11.9
15426,547880,2011-03-27,11.9
15426,547880,2011-03-27,1.25
15426,547880,2011-03-27,5.9
15426,547880,2011-03-27,5.9
15426,547880,2011-03-27,1.1
15426,547880,2011-03-27,8.5
15426,547880,2011-03-27,17.85
15426,547880,2011-03-27,2.95
15426,547880,2011-03-27,0.55
15426,547880,2011-03-27,11.9
15426,547880,2011-03-27,5.9
15426,547880,2011-03-27,5.96
15426,547880,2011-03-27,3.75
15426,547880,2011-03-27,9.95
15426,547880,2011-03-27,5.9
15426,547880,2011-03-27,7.5
15426,547880,2011-03-27,5.9
15426,547880,2011-03-27,2.1
15426,547880,2011-03-27,4.5
15426,547880,2011-03-27,4.5
15426,547880,2011-03-27,15.3
15426,547880,2011-03-27,7.5
15426,547880,2011-03-27,3.4
17701,548632,2011-04-01,16.5
17701,548632,2011-04-01,17.7
17701,548632,2011-04-01,17.0
17701,548632,2011-04-01,17.0
17701,548632,2011-04-01,17.0
17701,548632,2011-04-01,25.5
17701,548632,2011-04-01,31.8
17701,548632,2011-04-01,16.5
17701,548632,2011-04-01,16.5
17701,548632,2011-04-01,16.5
17701,548632,2011-04-01,15.0
17701,548632,2011-04-01,15.0
17701,548632,2011-04-01,15.0
17701,548632,2011-04-01,14.85
17701,548632,2011-04-01,17.0
17701,548632,2011-04-01,17.4
17701,548632,2011-04-01,16.5
17701,548632,2011-04-01,16.5
17701,548632,2011-04-01,16.5
17701,548632,2011-04-01,16.5
17701,548632,2011-04-01,16.5
17701,548632,2011-04-01,16.5
17701,548632,2011-04-01,15.0
17701,548632,2011-04-01,17.7
16745,549276,2011-04-07,10.4
16745,549276,2011-04-07,25.5
16745,549276,2011-04-07,13.0
16745,549276,2011-04-07,13.2
16745,549276,2011-04-07,10.4
16745,549276,2011-04-07,10.4
16745,549276,2011-04-07,10.4
16745,549276,2011-04-07,33.0
16745,549276,2011-04-07,23.7
16745,549276,2011-04-07,15.0
16745,549276,2011-04-07,6.5
16745,549276,2011-04-07,2.9
16745,549276,2011-04-07,48.75
16745,549276,2011-04-07,7.25
16745,549276,2011-04-07,10.4
16745,549276,2011-04-07,10.4
16745,549276,2011-04-07,15.9
13474,550332,2011-04-17,3.75
13474,550332,2011-04-17,2.95
13474,550332,2011-04-17,5.07
13474,550332,2011-04-17,2.55
13474,550332,2011-04-17,0.55
13474,550332,2011-04-17,3.75
13474,550332,2011-04-17,4.95
13474,550332,2011-04-17,7.95
13474,550332,2011-04-17,4.95
13474,550332,2011-04-17,5.9
13474,550332,2011-04-17,10.95
13474,550332,2011-04-17,1.1
13474,550332,2011-04-17,3.95
13474,550332,2011-04-17,3.32
13474,550332,2011-04-17,3.3
13474,550332,2011-04-17,7.5
13474,550332,2011-04-17,1.65
13474,550332,2011-04-17,5.9
13474,550332,2011-04-17,3.4
13474,550332,2011-04-17,1.95
13474,550332,2011-04-17,1.3
13474,550332,2011-04-17,0.65
13474,550332,2011-04-17,4.95
13474,550332,2011-04-17,12.75
13474,550332,2011-04-17,3.75
13474,550332,2011-04-17,3.9
13474,550332,2011-04-17,1.7
13474,550332,2011-04-17,3.9
13474,550332,2011-04-17,1.7
13474,550332,2011-04-17,1.7
13474,550332,2011-04-17,2.5
13474,550332,2011-04-17,1.7
13474,550332,2011-04-17,1.7
13474,550332,2011-04-17,7.5
13474,550332,2011-04-17,0.85
13474,550332,2011-04-17,5.95
13474,550332,2011-04-17,3.9
13474,550332,2011-04-17,6.3
13474,550332,2011-04-17,2.5
13474,550332,2011-04-17,8.7
13474,550332,2011-04-17,9.95
13474,550332,2011-04-17,4.95
13474,550332,2011-04-17,4.2
13474,550332,2011-04-17,1.65
13474,550332,2011-04-17,1.65
13474,550332,2011-04-17,1.65
13474,550332,2011-04-17,2.1
13474,550332,2011-04-17,1.25
13474,550332,2011-04-17,1.25
13474,550332,2011-04-17,1.25
13474,550332,2011-04-17,1.25
13474,550332,2011-04-17,8.3
13474,550332,2011-04-17,7.9
13474,550332,2011-04-17,1.1
13474,550332,2011-04-17,0.84
13474,550332,2011-04-17,1.25
13474,550332,2011-04-17,2.5
13474,550332,2011-04-17,2.5
13474,550332,2011-04-17,2.55
13474,550332,2011-04-17,0.42
13474,550332,2011-04-17,2.1
13474,550332,2011-04-17,2.94
14210,551147,2011-04-26,17.7
14210,551147,2011-04-26,12.6
14210,551147,2011-04-26,24.96
14210,551147,2011-04-26,19.8
14210,551147,2011-04-26,19.9
14210,551147,2011-04-26,15.9
14210,551147,2011-04-26,14.85
14210,551147,2011-04-26,15.3
14210,551147,2011-04-26,29.7
14210,551147,2011-04-26,14.85
14210,551147,2011-04-26,17.7
14210,551147,2011-04-26,17.0
14210,551147,2011-04-26,15.0
14210,551147,2011-04-26,19.8
14210,551147,2011-04-26,19.8
14210,551147,2011-04-26,30.6
16745,551603,2011-05-03,20.8
16745,551603,2011-05-03,16.5
16745,551603,2011-05-03,10.2
16745,551603,2011-05-03,12.5
16745,551603,2011-05-03,10.5
16745,551603,2011-05-03,13.2
16745,551603,2011-05-03,8.85
16745,551603,2011-05-03,20.8
16745,551603,2011-05-03,20.8
16745,551603,2011-05-03,9.75
16745,551603,2011-05-03,20.8
16745,551603,2011-05-03,20.8
16745,551603,2011-05-03,20.8
16745,551603,2011-05-03,13.2
16745,551603,2011-05-03,35.4
16745,551603,2011-05-03,82.8
16745,551603,2011-05-03,3.75
16745,551603,2011-05-03,15.0
16745,551603,2011-05-03,24.9
16745,551603,2011-05-03,20.8
16745,551603,2011-05-03,8.4
16745,551603,2011-05-03,23.6
16745,551603,2011-05-03,20.8
16745,551603,2011-05-03,12.75
15582,551693,2011-05-03,15.0
15582,551693,2011-05-03,13.2
15582,551693,2011-05-03,15.0
15582,551693,2011-05-03,5.04
15582,551693,2011-05-03,13.2
15582,551693,2011-05-03,5.04
15582,551693,2011-05-03,15.0
15582,551693,2011-05-03,17.7
15582,551693,2011-05-03,17.7
15582,551693,2011-05-03,17.7
15582,551693,2011-05-03,17.7
15582,551693,2011-05-03,14.85
15582,551693,2011-05-03,15.0
15582,551693,2011-05-03,15.0
15582,551693,2011-05-03,15.0
15582,551693,2011-05-03,10.2
15582,551693,2011-05-03,17.7
15582,551693,2011-05-03,19.9
15582,551693,2011-05-03,10.08
15582,551693,2011-05-03,10.5
15582,551693,2011-05-03,10.5
15582,551693,2011-05-03,12.6
16745,552953,2011-05-12,42.5
16745,552953,2011-05-12,34.0
16745,552953,2011-05-12,16.5
16745,552953,2011-05-12,14.85
16745,552953,2011-05-12,4.25
16745,552953,2011-05-12,7.5
16745,552953,2011-05-12,15.0
16745,552953,2011-05-12,7.5
16745,552953,2011-05-12,14.75
16745,552953,2011-05-12,29.5
16745,552953,2011-05-12,50.4
16745,552953,2011-05-12,50.4
16745,552953,2011-05-12,42.5
16745,552953,2011-05-12,72.0
16745,552953,2011-05-12,24.75
16745,552953,2011-05-12,1.65
16745,552953,2011-05-12,5.0
16745,552953,2011-05-12,4.98
16745,552953,2011-05-12,10.4
16745,552953,2011-05-12,10.4
16745,552953,2011-05-12,42.5
16745,552953,2011-05-12,60.48
17519,553420,2011-05-17,17.7
17519,553420,2011-05-17,35.4
17519,553420,2011-05-17,88.5
17519,553420,2011-05-17,16.5
17519,553420,2011-05-17,17.9
17519,553420,2011-05-17,22.5
17519,553420,2011-05-17,15.0
17519,553420,2011-05-17,12.5
17519,553420,2011-05-17,15.0
17519,553420,2011-05-17,29.7
17519,553420,2011-05-17,19.8
17519,553420,2011-05-17,16.35
14620,553660,2011-05-18,2.28
14620,553660,2011-05-18,28.44
14620,553660,2011-05-18,17.7
14620,553660,2011-05-18,17.7
14620,553660,2011-05-18,15.0
14620,553660,2011-05-18,4.15
14620,553660,2011-05-18,30.0
14620,553660,2011-05-18,4.56
14620,553660,2011-05-18,12.6
14620,553660,2011-05-18,30.0
14620,553660,2011-05-18,15.0
14047,554379,2011-05-24,75.6
14047,554379,2011-05-24,85.0
14047,554379,2011-05-24,16.5
14047,554379,2011-05-24,81.0
14047,554379,2011-05-24,81.6
14210,554795,2011-05-26,12.5
14210,554795,2011-05-26,12.5
14210,554795,2011-05-26,15.3
14210,554795,2011-05-26,29.7
14210,554795,2011-05-26,29.7
14210,554795,2011-05-26,17.7
14210,554795,2011-05-26,15.0
14210,554795,2011-05-26,17.7
14210,554795,2011-05-26,17.0
14210,554795,2011-05-26,15.9
14210,554795,2011-05-26,29.7
14210,554795,2011-05-26,19.8
14210,554795,2011-05-26,19.8
14210,554795,2011-05-26,6.6
14210,554795,2011-05-26,25.2
14210,554795,2011-05-26,15.0
14210,554795,2011-05-26,17.7
16567,554990,2011-05-29,30.0
16567,554990,2011-05-29,15.0
16567,554990,2011-05-29,16.5
16567,554990,2011-05-29,16.5
16567,554990,2011-05-29,23.4
16567,554990,2011-05-29,30.0
16567,554990,2011-05-29,56.16
16567,554990,2011-05-29,104.88
16567,554990,2011-05-29,15.6
13248,555486,2011-06-03,10.2
13248,555486,2011-06-03,31.6
13248,555486,2011-06-03,20.8
13248,555486,2011-06-03,14.85
13248,555486,2011-06-03,14.85
13248,555486,2011-06-03,12.75
13248,555486,2011-06-03,10.08
13248,555486,2011-06-03,23.4
13248,555486,2011-06-03,23.4
13248,555486,2011-06-03,17.7
13248,555486,2011-06-03,17.7
13248,555486,2011-06-03,17.4
13248,555486,2011-06-03,17.4
13248,555486,2011-06-03,15.0
13248,555486,2011-06-03,19.8
13248,555486,2011-06-03,19.92
13248,555486,2011-06-03,19.8
13248,555486,2011-06-03,18.72
13248,555486,2011-06-03,15.3
13248,555486,2011-06-03,23.4
13248,555486,2011-06-03,23.4
16745,556195,2011-06-09,20.8
16745,556195,2011-06-09,16.5
16745,556195,2011-06-09,14.85
16745,556195,2011-06-09,5.0
16745,556195,2011-06-09,20.8
16745,556195,2011-06-09,20.8
16745,556195,2011-06-09,50.4
16745,556195,2011-06-09,16.5
16745,556195,2011-06-09,20.8
16745,556195,2011-06-09,20.8
16745,556195,2011-06-09,4.95
16745,556195,2011-06-09,35.4
16745,556195,2011-06-09,79.2
16745,556195,2011-06-09,14.5
16745,556195,2011-06-09,20.8
16745,556195,2011-06-09,20.8
16745,556195,2011-06-09,16.5
16745,556195,2011-06-09,16.5
16745,556195,2011-06-09,17.34
16745,556195,2011-06-09,29.7
16745,556195,2011-06-09,19.8
16745,556195,2011-06-09,13.2
16745,556195,2011-06-09,13.2
16745,556195,2011-06-09,5.07
16745,556195,2011-06-09,20.8
16745,556724,2011-06-14,29.5
16745,556724,2011-06-14,6.24
16745,556724,2011-06-14,7.5
16745,556724,2011-06-14,7.5
16745,556724,2011-06-14,15.9
16745,556724,2011-06-14,16.5
16745,556724,2011-06-14,11.8
16745,556724,2011-06-14,15.8
16745,556724,2011-06-14,16.5
16745,556724,2011-06-14,83.0
16745,556724,2011-06-14,19.8
16745,556724,2011-06-14,4.35
16745,556724,2011-06-14,5.8
16745,556724,2011-06-14,6.3
17519,557298,2011-06-19,23.4
17519,557298,2011-06-19,40.8
17519,557298,2011-06-19,13.2
17519,557298,2011-06-19,13.3
17519,557298,2011-06-19,17.4
17519,557298,2011-06-19,13.2
17519,557298,2011-06-19,39.6
17519,557298,2011-06-19,39.6
16745,558633,2011-06-30,16.5
16745,558633,2011-06-30,49.5
16745,558633,2011-06-30,17.7
16745,558633,2011-06-30,8.25
16745,558633,2011-06-30,16.5
16745,558633,2011-06-30,20.8
16745,558633,2011-06-30,35.4
16745,558633,2011-06-30,15.0
16745,558633,2011-06-30,7.25
16745,558633,2011-06-30,20.8
16745,558633,2011-06-30,49.5
16745,558633,2011-06-30,13.2
16745,558633,2011-06-30,13.75
16745,558633,2011-06-30,10.5
16866,558701,2011-07-01,0.95
16866,558701,2011-07-01,8.5
16866,558701,2011-07-01,29.85
16866,558701,2011-07-01,39.8
16866,558701,2011-07-01,29.85
16866,559524,2011-07-10,45.0
14916,559864,2011-07-13,8.5
14916,559864,2011-07-13,6.96
14916,559864,2011-07-13,14.04
14916,559864,2011-07-13,9.96
14916,559864,2011-07-13,9.96
14916,559864,2011-07-13,10.08
14916,559864,2011-07-13,17.0
14916,559864,2011-07-13,17.0
14916,559864,2011-07-13,17.7
14916,559864,2011-07-13,14.85
14916,559864,2011-07-13,10.2
14916,559864,2011-07-13,25.5
14916,559864,2011-07-13,17.4
14916,559864,2011-07-13,22.5
14916,559864,2011-07-13,19.8
14916,559864,2011-07-13,15.0
14916,559864,2011-07-13,15.0
14916,559864,2011-07-13,19.8
14916,559864,2011-07-13,15.0
14916,559864,2011-07-13,9.96
14916,559864,2011-07-13,13.92
14916,559864,2011-07-13,19.8
14916,559864,2011-07-13,17.4
14916,559864,2011-07-13,8.5
14916,559864,2011-07-13,19.8
14916,559864,2011-07-13,17.4
14916,559864,2011-07-13,13.2
16745,560539,2011-07-19,20.8
16745,560539,2011-07-19,12.75
16745,560539,2011-07-19,12.75
16745,560539,2011-07-19,4.68
16745,560539,2011-07-19,26.4
16745,560539,2011-07-19,26.4
16745,560539,2011-07-19,102.0
16745,560539,2011-07-19,22.5
16745,560539,2011-07-19,5.0
16745,560539,2011-07-19,20.8
16745,560539,2011-07-19,26.4
16745,560539,2011-07-19,9.75
16745,560539,2011-07-19,20.8
16745,560539,2011-07-19,0.85
16745,560539,2011-07-19,17.0
16745,560539,2011-07-19,14.5
16745,560539,2011-07-19,20.8
16745,560539,2011-07-19,20.8
16745,560539,2011-07-19,16.5
16745,560539,2011-07-19,16.5
16745,560539,2011-07-19,13.75
16745,560539,2011-07-19,13.75
16745,560539,2011-07-19,26.4
16745,560539,2011-07-19,20.8
16745,560539,2011-07-19,20.8
16866,560929,2011-07-22,1.7
16866,560929,2011-07-22,45.0
16866,560929,2011-07-22,2.34
16866,560929,2011-07-22,0.85
16866,560929,2011-07-22,3.9
17519,561719,2011-07-29,69.12
17519,561719,2011-07-29,31.2
17519,561719,2011-07-29,51.0
17519,561719,2011-07-29,70.8
17519,561719,2011-07-29,10.2
17519,561719,2011-07-29,15.7
17519,561719,2011-07-29,7.44
17519,561719,2011-07-29,10.08
17519,561719,2011-07-29,13.28
17519,561719,2011-07-29,13.28
17519,561719,2011-07-29,20.0
17519,561719,2011-07-29,19.8
16745,562011,2011-08-01,7.65
16745,562011,2011-08-01,9.75
16745,562011,2011-08-01,61.2
16745,562011,2011-08-01,29.5
16745,562011,2011-08-01,136.0
16745,562011,2011-08-01,3.95
16745,562011,2011-08-01,82.8
16745,562011,2011-08-01,32.5
16745,562011,2011-08-01,15.0
16745,562011,2011-08-01,13.2
16745,562011,2011-08-01,15.12
16745,562011,2011-08-01,13.75
16745,562011,2011-08-01,1.65
13075,562042,2011-08-02,17.4
13075,562042,2011-08-02,102.0
13075,562042,2011-08-02,47.2
13075,562042,2011-08-02,14.85
13075,562042,2011-08-02,45.0
13075,562042,2011-08-02,52.2
13075,562042,2011-08-02,30.0
13075,562042,2011-08-02,39.6
13075,562042,2011-08-02,30.0
13075,562042,2011-08-02,15.0
13075,562042,2011-08-02,83.2
13075,562042,2011-08-02,83.2
13075,562042,2011-08-02,39.6
13075,562042,2011-08-02,20.0
13075,562042,2011-08-02,59.4
13075,562042,2011-08-02,39.6
13075,562042,2011-08-02,39.6
13075,562042,2011-08-02,17.4
13075,562042,2011-08-02,29.88
13075,562042,2011-08-02,34.68
13075,562042,2011-08-02,62.4
13075,562042,2011-08-02,17.4
13248,562573,2011-08-07,10.5
13248,562573,2011-08-07,9.96
13248,562573,2011-08-07,17.7
13248,562573,2011-08-07,15.3
13248,562573,2011-08-07,24.75
16745,563192,2011-08-12,118.8
16745,563192,2011-08-12,34.8
16745,563192,2011-08-12,99.6
16745,563192,2011-08-12,58.0
14210,564634,2011-08-26,12.5
14210,564634,2011-08-26,9.95
14210,564634,2011-08-26,15.3
14210,564634,2011-08-26,29.7
14210,564634,2011-08-26,9.48
14210,564634,2011-08-26,9.48
14210,564634,2011-08-26,9.48
14210,564634,2011-08-26,51.0
14210,564634,2011-08-26,17.7
14210,564634,2011-08-26,19.8
14210,564634,2011-08-26,29.7
14210,564634,2011-08-26,39.6
14210,564634,2011-08-26,15.9
14210,564634,2011-08-26,17.4
14210,564634,2011-08-26,12.6
14210,564634,2011-08-26,6.6
15582,564963,2011-08-31,17.4
15582,564963,2011-08-31,10.2
15582,564963,2011-08-31,17.7
15582,564963,2011-08-31,17.7
15582,564963,2011-08-31,35.4
15582,564963,2011-08-31,35.4
15582,564963,2011-08-31,15.0
15582,564963,2011-08-31,15.0
15582,564963,2011-08-31,15.0
15582,564963,2011-08-31,10.2
15582,564963,2011-08-31,10.5
15582,564963,2011-08-31,17.7
15582,564963,2011-08-31,10.5
15582,564963,2011-08-31,10.2
13099,565217,2011-09-01,207.36
16745,565320,2011-09-02,72.0
16745,565320,2011-09-02,16.5
16745,565320,2011-09-02,4.35
16745,565320,2011-09-02,50.4
16745,565320,2011-09-02,78.0
16745,565320,2011-09-02,4.35
16745,565320,2011-09-02,4.35
16745,565320,2011-09-02,50.4
16745,565320,2011-09-02,3.12
16745,565320,2011-09-02,19.8
16745,565320,2011-09-02,22.5
16745,565320,2011-09-02,72.0
16745,565320,2011-09-02,16.5
16745,565320,2011-09-02,0.85
16745,565320,2011-09-02,27.2
16745,565320,2011-09-02,8.5
16745,565320,2011-09-02,6.6
16745,565320,2011-09-02,4.35
14916,565796,2011-09-07,8.4
14916,565796,2011-09-07,20.8
14916,565796,2011-09-07,6.96
14916,565796,2011-09-07,13.2
14916,565796,2011-09-07,4.56
14916,565796,2011-09-07,20.8
14916,565796,2011-09-07,20.8
14916,565796,2011-09-07,20.8
14916,565796,2011-09-07,20.8
14916,565796,2011-09-07,20.8
14916,565796,2011-09-07,20.8
14916,565796,2011-09-07,20.8
14916,565796,2011-09-07,20.8
14916,565796,2011-09-07,20.8
14916,565796,2011-09-07,20.8
14916,565796,2011-09-07,4.56
16745,566709,2011-09-14,72.0
16745,566709,2011-09-14,76.5
16745,566709,2011-09-14,72.0
16745,566709,2011-09-14,16.5
16745,566709,2011-09-14,16.5
16745,566709,2011-09-14,50.4
16745,566709,2011-09-14,8.7
16745,566709,2011-09-14,50.4
16745,566709,2011-09-14,72.0
16745,566709,2011-09-14,72.0
16745,566709,2011-09-14,16.5
16745,566709,2011-09-14,16.5
16745,566709,2011-09-14,58.0
16745,566709,2011-09-14,32.5
16745,566709,2011-09-14,34.8
16745,566709,2011-09-14,23.8
16745,566709,2011-09-14,16.5
16745,566709,2011-09-14,16.5
16745,566709,2011-09-14,58.0
16745,566709,2011-09-14,8.3
16745,566709,2011-09-14,8.3
16745,566709,2011-09-14,8.3
16745,566709,2011-09-14,16.6
14047,568541,2011-09-27,122.04
14047,568541,2011-09-27,183.6
14047,568541,2011-09-27,15.9
14916,569016,2011-09-30,15.0
14916,569016,2011-09-30,15.0
14916,569016,2011-09-30,5.04
14916,569016,2011-09-30,17.4
14916,569016,2011-09-30,19.8
14916,569016,2011-09-30,10.2
14916,569016,2011-09-30,6.96
14916,569016,2011-09-30,6.96
14916,569016,2011-09-30,15.0
14916,569016,2011-09-30,6.84
14916,569016,2011-09-30,17.4
14916,569016,2011-09-30,19.8
14916,569016,2011-09-30,22.5
14916,569016,2011-09-30,15.0
14916,569016,2011-09-30,15.0
14916,569016,2011-09-30,8.2
14916,569016,2011-09-30,13.92
14916,569016,2011-09-30,50.4
14916,569016,2011-09-30,20.8
14488,569241,2011-10-03,30.0
14488,569241,2011-10-03,30.0
14488,569241,2011-10-03,30.0
14488,569241,2011-10-03,10.2
14488,569241,2011-10-03,15.0
14488,569241,2011-10-03,15.0
14488,569241,2011-10-03,19.5
14488,569241,2011-10-03,17.4
14488,569241,2011-10-03,15.0
14488,569241,2011-10-03,15.0
14488,569241,2011-10-03,10.08
14488,569241,2011-10-03,10.08
14488,569241,2011-10-03,12.6
14488,569241,2011-10-03,10.08
14488,569241,2011-10-03,10.2
14488,569241,2011-10-03,17.4
14488,569241,2011-10-03,15.0
14488,569241,2011-10-03,19.8
14488,569241,2011-10-03,23.9
14488,569241,2011-10-03,22.5
14488,569241,2011-10-03,22.5
14488,569241,2011-10-03,22.5
14488,569241,2011-10-03,17.34
14488,569241,2011-10-03,16.5
14488,569241,2011-10-03,158.4
14488,569241,2011-10-03,25.2
14488,569241,2011-10-03,10.2
14488,569241,2011-10-03,17.7
14488,569241,2011-10-03,17.0
14488,569241,2011-10-03,34.0
14488,569241,2011-10-03,17.0
14488,569241,2011-10-03,29.7
14488,569241,2011-10-03,20.4
14488,569241,2011-10-03,17.4
14488,569241,2011-10-03,10.5
14488,569241,2011-10-03,22.5
14488,569241,2011-10-03,13.28
14488,569241,2011-10-03,14.94
14488,569241,2011-10-03,19.8
14488,569241,2011-10-03,9.96
14488,569241,2011-10-03,9.36
14488,569241,2011-10-03,9.36
14488,569241,2011-10-03,124.8
14488,569241,2011-10-03,25.2
14488,569241,2011-10-03,15.0
14488,569241,2011-10-03,15.0
13359,570008,2011-10-07,35.4
13359,570008,2011-10-07,15.8
13359,570008,2011-10-07,15.8
13359,570008,2011-10-07,29.7
13359,570008,2011-10-07,17.7
13359,570008,2011-10-07,10.2
13359,570008,2011-10-07,10.2
13359,570008,2011-10-07,10.2
13359,570008,2011-10-07,16.5
13359,570008,2011-10-07,17.25
13359,570008,2011-10-07,33.0
13359,570008,2011-10-07,24.9
13359,570008,2011-10-07,17.34
13359,570008,2011-10-07,16.5
13359,570008,2011-10-07,15.0
13359,570008,2011-10-07,15.0
13359,570008,2011-10-07,15.0
13359,570008,2011-10-07,9.96
13359,570008,2011-10-07,9.96
13359,570008,2011-10-07,19.8
13359,570008,2011-10-07,17.85
13359,570008,2011-10-07,16.5
17503,573780,2011-11-01,5.04
17503,573780,2011-11-01,15.0
17503,573780,2011-11-01,5.04
17503,573780,2011-11-01,4.56
17503,573780,2011-11-01,35.4
17503,573780,2011-11-01,9.48
17503,573780,2011-11-01,14.85
17503,573780,2011-11-01,17.0
17503,573780,2011-11-01,17.7
17503,573780,2011-11-01,4.68
17503,573780,2011-11-01,19.8
17503,573780,2011-11-01,15.0
17503,573780,2011-11-01,15.0
17503,573780,2011-11-01,15.0
17503,573780,2011-11-01,15.0
17503,573780,2011-11-01,12.48
17503,573780,2011-11-01,17.34
17503,573780,2011-11-01,16.5
17503,573780,2011-11-01,19.8
17503,573780,2011-11-01,19.9
17503,573780,2011-11-01,20.0
17503,573780,2011-11-01,16.5
17503,573780,2011-11-01,9.36
15426,574701,2011-11-06,5.1
15426,574701,2011-11-06,1.56
15426,574701,2011-11-06,3.38
15426,574701,2011-11-06,5.1
15426,574701,2011-11-06,2.55
15426,574701,2011-11-06,0.78
15426,574701,2011-11-06,0.78
15426,574701,2011-11-06,1.25
15426,574701,2011-11-06,2.5
15426,574701,2011-11-06,1.25
15426,574701,2011-11-06,1.25
15426,574701,2011-11-06,7.5
15426,574701,2011-11-06,3.75
15426,574701,2011-11-06,1.66
15426,574701,2011-11-06,2.25
15426,574701,2011-11-06,0.39
15426,574701,2011-11-06,0.78
15426,574701,2011-11-06,3.3
15426,574701,2011-11-06,2.95
15426,574701,2011-11-06,9.9
15426,574701,2011-11-06,4.35
15426,574701,2011-11-06,2.55
15426,574701,2011-11-06,5.1
15426,574701,2011-11-06,9.95
15426,574701,2011-11-06,1.7
15426,574701,2011-11-06,7.9
15426,574701,2011-11-06,7.9
15426,574701,2011-11-06,7.9
15426,574701,2011-11-06,16.6
15426,574701,2011-11-06,4.15
15426,574701,2011-11-06,2.5
15426,574701,2011-11-06,4.95
15426,574701,2011-11-06,4.98
15426,574701,2011-11-06,4.95
15426,574701,2011-11-06,1.74
15426,574701,2011-11-06,6.24
15426,574701,2011-11-06,3.3
15426,574701,2011-11-06,2.95
15426,574701,2011-11-06,3.75
15426,574701,2011-11-06,1.89
15426,574701,2011-11-06,1.89
15426,574701,2011-11-06,3.75
15426,574701,2011-11-06,3.75
15426,574701,2011-11-06,3.75
15426,574701,2011-11-06,3.75
15426,574701,2011-11-06,9.95
15426,574701,2011-11-06,2.55
15426,574701,2011-11-06,9.95
15426,574701,2011-11-06,4.16
15426,574701,2011-11-06,2.08
15426,574701,2011-11-06,4.98
15426,574701,2011-11-06,10.9
15426,574701,2011-11-06,9.9
15426,574701,2011-11-06,6.95
15426,574701,2011-11-06,8.95
15426,574701,2011-11-06,17.7
15426,574701,2011-11-06,2.55
15426,574701,2011-11-06,10.14
15426,574701,2011-11-06,2.32
15426,574701,2011-11-06,2.6
15426,574701,2011-11-06,1.74
15426,574703,2011-11-06,0.38
15426,574703,2011-11-06,0.39
15426,574703,2011-11-06,1.25
15426,574703,2011-11-06,0.39
15426,574703,2011-11-06,7.65
15426,574703,2011-11-06,8.5
15426,574703,2011-11-06,2.95
15426,574703,2011-11-06,0.29
15426,574703,2011-11-06,3.95
15426,574703,2011-11-06,0.83
15426,574703,2011-11-06,1.65
15426,574703,2011-11-06,2.5
15426,574703,2011-11-06,12.5
15426,574703,2011-11-06,1.16
17022,575166,2011-11-08,10.2
17022,575166,2011-11-08,6.96
17022,575166,2011-11-08,6.96
17022,575166,2011-11-08,6.96
17022,575166,2011-11-08,12.48
17022,575166,2011-11-08,6.64
17022,575166,2011-11-08,20.8
15582,576387,2011-11-15,15.0
15582,576387,2011-11-15,17.7
15582,576387,2011-11-15,17.7
15582,576387,2011-11-15,17.7
15582,576387,2011-11-15,15.0
15582,576387,2011-11-15,19.8
15582,576387,2011-11-15,17.7
15582,576387,2011-11-15,20.8
15426,577557,2011-11-20,0.85
15426,577557,2011-11-20,2.28
15426,577557,2011-11-20,1.25
15426,577557,2011-11-20,45.0
15426,577557,2011-11-20,1.56
15426,577557,2011-11-20,1.56
15426,577557,2011-11-20,0.55
15426,577557,2011-11-20,2.5
15426,577557,2011-11-20,1.25
15426,577557,2011-11-20,3.75
15426,577557,2011-11-20,8.5
15426,577557,2011-11-20,0.75
15426,577557,2011-11-20,2.25
15426,577557,2011-11-20,7.5
15426,577557,2011-11-20,2.1
15426,577557,2011-11-20,0.42
15426,577557,2011-11-20,0.55
15426,577557,2011-11-20,0.39
15426,577557,2011-11-20,0.39
15426,577557,2011-11-20,3.75
15426,577557,2011-11-20,3.75
15426,577557,2011-11-20,2.1
15426,577557,2011-11-20,17.0
15426,577557,2011-11-20,2.95
15426,577557,2011-11-20,3.3
15426,577557,2011-11-20,5.9
15426,577557,2011-11-20,0.29
15426,577557,2011-11-20,0.29
15426,577557,2011-11-20,0.29
15426,577557,2011-11-20,0.85
15426,577557,2011-11-20,7.65
15426,577557,2011-11-20,3.75
15426,577557,2011-11-20,3.75
15426,577557,2011-11-20,3.75
15426,577557,2011-11-20,3.75
15426,577557,2011-11-20,2.5
15426,577557,2011-11-20,2.95
15426,577557,2011-11-20,2.1
15426,577557,2011-11-20,2.1
15426,577557,2011-11-20,0.85
15426,577557,2011-11-20,4.95
15426,577557,2011-11-20,4.95
15426,577557,2011-11-20,0.55
15426,577557,2011-11-20,1.26
15426,577557,2011-11-20,0.42
15426,577557,2011-11-20,1.26
15426,577557,2011-11-20,0.42
15426,577557,2011-11-20,1.26
15426,577557,2011-11-20,8.7
15426,577557,2011-11-20,4.15
15426,577557,2011-11-20,9.96
15426,577557,2011-11-20,4.16
15426,577557,2011-11-20,6.24
15426,577557,2011-11-20,4.35
15426,577557,2011-11-20,4.95
15426,577557,2011-11-20,19.8
15426,577557,2011-11-20,0.83
15426,577557,2011-11-20,1.66
15426,577557,2011-11-20,1.65
15426,577557,2011-11-20,0.55
15426,577557,2011-11-20,3.3
15426,577557,2011-11-20,0.39
15426,577557,2011-11-20,7.5
15426,577557,2011-11-20,9.95
15426,577557,2011-11-20,1.7
15426,577557,2011-11-20,0.85
15426,577557,2011-11-20,7.5
15426,577557,2011-11-20,7.5
15426,577557,2011-11-20,4.95
15426,577557,2011-11-20,25.0
15426,577557,2011-11-20,5.78
15426,577557,2011-11-20,2.89
15426,577557,2011-11-20,1.25
15426,577557,2011-11-20,25.0
15426,577557,2011-11-20,5.07
15426,577557,2011-11-20,0.42
15426,577557,2011-11-20,0.85
15426,577557,2011-11-20,17.7
15426,577557,2011-11-20,13.9
15426,577557,2011-11-20,17.9
15426,577557,2011-11-20,2.55
15426,577557,2011-11-20,0.42
15426,577557,2011-11-20,0.42
15426,577557,2011-11-20,13.95
15426,577557,2011-11-20,5.07
15426,577557,2011-11-20,6.96
15426,577557,2011-11-20,1.1
15426,577557,2011-11-20,2.5
15426,577557,2011-11-20,2.5
15426,577557,2011-11-20,3.95
17519,578086,2011-11-22,23.4
17519,578086,2011-11-22,30.6
17519,578086,2011-11-22,13.2
17519,578086,2011-11-22,17.7
17519,578086,2011-11-22,13.2
17519,578086,2011-11-22,35.4
17519,578086,2011-11-22,89.1
17519,578086,2011-11-22,15.3
17519,578086,2011-11-22,16.6
17519,578086,2011-11-22,9.96
17519,578086,2011-11-22,12.5
17519,578086,2011-11-22,9.96
17519,578086,2011-11-22,11.7
17519,578086,2011-11-22,19.9
17519,578086,2011-11-22,15.0
17519,578086,2011-11-22,22.5
14047,580021,2011-12-01,14.85
14047,580021,2011-12-01,30.0
14047,580021,2011-12-01,17.7
14047,580021,2011-12-01,15.6
14047,580021,2011-12-01,30.6
14047,580021,2011-12-01,15.9
14047,580021,2011-12-01,15.9
14047,580021,2011-12-01,15.6
14047,580021,2011-12-01,16.5
14047,580021,2011-12-01,16.5
14047,580021,2011-12-01,162.0
17942,580159,2011-12-02,1.9
17942,580159,2011-12-02,75.6
17503,581010,2011-12-07,4.56
17503,581010,2011-12-07,9.36
17503,581010,2011-12-07,15.0
17503,581010,2011-12-07,15.0
17503,581010,2011-12-07,53.1
17503,581010,2011-12-07,10.08
17503,581010,2011-12-07,10.15
17503,581010,2011-12-07,6.96
17503,581010,2011-12-07,4.68
17503,581010,2011-12-07,7.08
17503,581010,2011-12-07,4.68
17503,581010,2011-12-07,42.96
17503,581010,2011-12-07,19.8
17503,581010,2011-12-07,10.08
17503,581010,2011-12-07,5.04
